username,password,first_name,last_name,email,phone,credit_card,type_of_user,about,resume,portfolio,interests
samjohnson,bb9b8ee199288f2253d580352235f227e6281109619d1bfa229b21d2a7f02023,Sam,Johnson,samjohn97@example.com,1234567890,1.23E+15,client,,,,
testuser0,07295b249f87e4540867d07f18a3919b3e458205a502fe63af547304157a0842,test,user,test@user.com,2342342344,2342342344,client,,,,
jessicafields,ad55a489edd85736ab58430272a169062bb2d81f5b1e3beaca5d2e6069fe7a02,Jessica,Fields,jessicafields@example.com,43218765098,1.23457E+15,client,,,,
carmenreed1,1fa977e2598680fbb6d258b3b998874481aabe1572bcea8ca0bc299bd6b8b906,Carmen,Reed,carmenreed@example.com,1234567890,1.23457E+15,client,,,,
testuser1,07295b249f87e4540867d07f18a3919b3e458205a502fe63af547304157a0842,test,user,test@user.com,2342342344,2342342344,developer,,,,
feliciadunn4,3788af9ae08dcd21ff59193e82d12bdfcd00f46dca9f25b9614e115d99e726da,Felicia,Dunn,feliciadunn@example.com,1234567890,1.23457E+15,developer,,,,
jonhamilton0,94ffd2d79b9adba4eda251a48aa4aa073159b5cc4637c0a1a2434bd0a8ee2088,Jon,Hamilton,jonhamilton@example.com,1234567890,1.23457E+15,client,,,,
joepeters1,86faa85edaa39dc2d0a7e279928de6c33361b1706a862a05c3e1bb9c35bc0ee1,Joe,Peters,joepeters@example.com,1234567890,1.23457E+15,client,,,,
jane-dev,,jane,chen,test@email.com,2342342344,2.34234E+11,developer,,,,
jamfun000,d748795b702e75f98781b68ea4f0b4b5f30534be7ec6a408cf7a0fb70a857433,Jam,Fun,jamfun00@example.com,123456789,1.23457E+15,client,,,,
javocado0,44ab95612c7bf33998073b00c2c3bc3272b518c4b3ed5f2474b98b3e7dbd56bb,John,Avocado,javocado@example.com,1234567890,1.23457E+15,client,,,,
testuser4,44ab95612c7bf33998073b00c2c3bc3272b518c4b3ed5f2474b98b3e7dbd56bb,John,Avocado,javocado@example.com,1234567890,1.23457E+15,developer,,,,
testuser5,44ab95612c7bf33998073b00c2c3bc3272b518c4b3ed5f2474b98b3e7dbd56bb,John,Avocado,javocado@example.com,1234567890,1.23457E+15,client,,,,